Title,aiconalt
Crasome Dust & Water Proof Printer Cover for HP Smart Tank All-in-One 580 / 581 / 585 (Black),4.5
Dorado Dust Proof Water Proof Washable Printer Cover For HP 410 All in One Ink Tank Wireless Color Printer (Blue - HP 410),4.1
Crasome Dust & Water Proof Printer Cover for HP Smart Tank All-in-One 529 / 589 (Grey),4.2
Alifiya Nylon Printer Cover For HP Smart Tank 589 / 529 All-in-one - Blue,4.1
"HP Smart Tank 790 All-in-One Auto Duplex WiFi Colour Printer with ADF and FAX. (Upto 12000 Black, 8000 Colour Pages Included in The Box). - Print, Scan & Cope for Office with ADF and FAX",4.1
Cranique Dust Proof Printer Cover for HP Smart Tank All-in-One 529 / 589 (Black),4.4
"HP Smart Tank 750 All-in-One Auto Duplex WiFi Colour Printer with ADF. (Upto 12000 Black, 8000 Colour Pages Included in The Box). - Print, Scan & Cope for Office with ADF",4.1
Dorado Dust Proof Water Proof Washable Printer Cover For HP DeskJet All-in-One Ink Advantage 2778 (Blue),4.3
"HP Smart Tank 520 All-in-one Colour Printer with 1 Extra Black Ink Bottle (Upto 12000 Black and 6000 Colour Prints) and 1 Year Extended Warranty with PHA Coverage.Print, Scan & Copy for Office/Home",3.9
"HP Smart Tank 720 All-in-One Auto Duplex WiFi Colour Printer. (Upto 12000 Black, 8000 Colour Pages Included in The Box). - Print, Scan & Cope for Office",4.1
Crasome Dust & Water Proof Printer Cover for HP Smart Tank All-in-One 750 / 790 (Grey),4.7
HP GT52 70-ml Cyan Original Ink Bottle,4.4
"HP All-in-One PC Intel Pentium J5040 21.5-inch(54.6 cm) FHD Three-Sided Micro-Edge Display(8GB RAM/512GB SSD/Intel UHD Graphics/Win 11 Home/Wired Keyboard and Mouse Combo/MS Office)22-dd2686in, White",4.2
"HP All-in-One PC 13th Gen Intel Core i5 27"" (68.6cm) FHD 16GB RAM, 1TB SSD, Intel UMA Graphics, 710 White Wireless Keyboard and Mouse Combo (Windows 11 Home, MSO 21, Shell White, 6.72 Kg) 27-cr0407in",4.1
Alifiya Dust Proof Washable Printer Cover for HP DeskJet 2331 / 2131 / 2135 / 2545 All-in-One Inkjet Colour Printer - Black,4.1
"(Refurbished)HP EliteDesk 19"" HD All-in-One Desktop Computer Set (AMD A10 Processor| 8 GB RAM| 256 GB SSD| 19"" HD LED Monitor| Wireless KB & Mouse| Speakers| WiFi| Windows 10 Pro| MS Office)",4.0
INF Dust Proof Water Proof Washable Printer Cover for All-In-One Ink Tank Wireless HP 415 (Blue),3.9
Alifiya Nylon Printer Cover for HP 319 / 316 / 310 All-in-One Ink Tank Colour Printer - Blue,4.0
Dorado Dust Proof Water Proof Washable Printer Cover For HP DeskJet All-in-One 2723 (Blue),3.7
Dorado Dust Proof Water Proof Washable Printer Cover For All in One Ink Tank Wireless Color Printer HP 415 (Blue),4.0
"HP All-in-One PC 12th Gen Intel Core i3-1215U 21.5 inch(54.6cm) FHD 8GB RAM, 512GB SSD, Intel UHD Graphics, 510 Black Wireless Keyboard and Mouse Combo (Win 11, MSO, Jet Black, 5.7 Kg) 22-dd2115in",4.0
Crasome Dust & Water Proof Printer Cover for HP Smart Tank All-in-One 670 / 675 (Black),5.0
"HP Laptop 15s, 12th Gen Intel Core i5-1235U, 15.6-inch (39.6 cm), FHD, 16GB DDR4, 512GB SSD, Intel Iris Xe graphics, Backlit KB,MSO,Thin & Light, Dual speakers (Win 11, Silver, 1.69 kg), fq5330TU",4.0
"HP Ink Advantage 2876 Printer, Copy, Scan, WiFi, Bluetooth, USB, Simple Setup Smart App, Ideal for Home.",3.9
GPS Refill Toner Powder Super for All Universal Hp Cartridge Model - Pack of 1kg,3.9
"HP Ink Tank 516 Color Printer, Scanner, & Copier with High Capacity Tank for Home, B&W Prints at 10 Paise/Page*, Color Prints at 20 Paise/Page*, Compact, Easy Printing",3.9
Cranique Dust Proof Printer Cover for HP Deskjet All-in-One 4826 (Black),4.0
Crasome Dust Proof Water-resistant Printer Cover for HP Deskjet All-in-One 4826 (Black),
"HP Smart Tank 675 All-in-One Auto Duplex WiFi Integrated Ink Tank Colour Printer, Scanner, Copier- High Capacity Tank (12000 Black, 8000 Colour) with Automatic Ink Sensor",3.6
"HP Smart Tank 529 AIO Colour Printer (Upto 6000 Black & 6000 Colour Pages Included in The Box)- Print, Scan & Copy for Office/Home",3.9
Alifiya Dust Proof Printer Cover For Hp Smart Tank 585 / 525 / 520 All-In-One - Black - Nylon,4.3
HomeStore-YEP Printer Cover for HP DeskJet 4178 / 4278 / 4123 All in One Printer with Zipper for Dust Protection Blue Color,
INF Dust Proof Water Proof Washable Printer Cover for HP DeskJet All-in-One 2723 (Blue),3.4
Alifiya Nylon Printer Cover for HP 415 All-in-One Ink Tank Wireless Color Printer - Blue,4.3
"HP 15s 12th Gen Intel Core i5, 15/6inch (39.6 cm), 8GB RAM, 512GB SSD, Intel Iris Xe Graphics, Backlit Kb, (Win 11 Home, Natural Silver, 1.69kg), fq5202TU / fq5329TU",4.0
"HP All-in-One PC AMD Ryzen 3 3250U 21.5 inch(54.6cm) FHD 8GB RAM, 512GB SSD, AMD Radeon Graphics, White Wired Keyboard Mouse Combo (Windows 11, MSO, Snow White, 5.7 Kg) 22-dd0304in",4.0
"HP Smart Tank 580 AIO WiFi Colour Printer with 1 Extra Black Ink Bottle (Upto 12000 Black & 6000 Colour Prints) + 1 Year Extended Warranty with PHA Coverage -Print, Scan & Copy",4.0
PalaP Dust Proof & Water Proof Washable protective Nylon Printer Cover Compatible for HP 419 All-in-One Ink Tank Wireless-(Green),4.2
"HP Ink Tank 315 Printer, All-in-One, Print, Copy, Scan, Hi-Speed USB 2.0, Up to 8/5 ppm (Black/Color), 60-Sheet Input Tray, 25-Sheet Output Tray, 1000-page Duty Cycle, Color, Z4B04A",3.9
"HP All-in-One PC Ryzen 5 7520U 27-inch(68.6cm) FHD IPS Display, 16GB LPDDR5, 1TB SSD, AMD Radeon Graphics, Wireless Keyboard and mouse combo, FHD Camera, (Win 11, MSO, Shell White, 6.72Kg) 27-cr0445in",4.0
Alifiya Dust Proof Printer Cover for HP 419 / 410 All-in-One Ink Tank Wireless Color Printer - Black,4.0
"HP Smart Tank 515 All-in-One Wireless Ink Tank Colour Printer, High Capacity Tank (6000 Black and 8000 Colour) with Automatic Ink Sensor",4.0
"HP All-in-One PC Intel Celeron J4025 21.5 inch(54.6cm) FHD Anti-Glare Display (8GB RAM/512GB SSD/Windows 11/Intel UHD Graphics 600/Wired Keyboard and Mouse Combo/MS Office/Snow White), 22-dd2986in",3.3
INF Dust Proof Water Proof Washable Printer Cover for HP Smart Tank All in One Wireless 516 (Blue),3.6
"HP Smart Tank 581 All-in-one WiFi Colour Printer with 2 Extra Black Ink Bottles(Upto 18000 Black and 6000 Colour Prints)and 1 Year Extended Warranty with PHA Coverage.Print,Scan &Copy for Office/Home",3.9
HomeStore-YEP Printer Cover for HP 315 All in One Ink Tank Color Printer with Zipper for Dust Protection Green Color,4.5
"HP OfficeJet Pro 9020 All-in-One Wireless Smart Colour Printer with Auto-Duplex, ADF with Voice-Activated Printing (Compatible with Alexa & Google Assistant)",3.7
Alifiya Nylon Printer Cover for HP Smart Tank 530 Wireless All-in-One Color - Blue,3.9
Alifiya Nylon Printer Cover for HP Smart Tank 530 Wireless All-in-One Color - Black,3.9
SPS Q2612A / 12A Toner Cartridge for HP Laserjet 3050 All-in-One Printer,3.8
"HP Ink Advantage 6075 WiFi Colour Printer, Scanner and Copier for Home/Small Office, Dual Band WiFi, Duplex Printing (Automatic Double-Sided Print).",3.9
CRAFTIFYR Printer Covers Compatible for HP DeskJet Ink Advantage 3775 All-in-One Printer Blue,
JET TONER Display/Control Panel Cable Compatible for HP Smart Tank 515/530 All in One Printers,
"SPS 49A / Q5949A / 5949 Compatible Black Toner Cartridge for HP Laserjet 1160 , HP Laserjet 1320 , HP Laserjet 1320n , HP Laserjet 1320tn , HP Laserjet 3390 , HP Laserjet 3392 All-in-One Printer",5.0
HP Laserjet Pro MFP 4104dw Printer |,3.9
Alifiya Nylon Printer Cover for HP 315 All-in-One Ink Tank Color - Blue,4.0
"HP Laptop 15s, 12th Gen Intel Core i3, 15.6-inch (39.6 cm), 8GB DDR4, 512GB SSD, Thin & light, Dual speakers (Win 11, MSO 2021, Silver, 1.69 kg), fq5007TU / FQ5327TU",4.0
Toppings Dust Proof Water Proof Washable Printer Cover Compatible with HP DeskJet 2131 All-in-One Printer - Blue,4.1
Dorado Dust Proof Water Proof Washable Printer Cover For All in One Ink Tank Color Printer HP 315 (Blue),4.1
"HP Laser MFP 136a, Print, Copy, Scan, 40-Sheet ADF, Ethernet, Hi-Speed USB 2.0, Up to 21 ppm, 150-sheet Input Tray, 100-sheet Output Tray, 10,000-page Duty Cycle, Black and White, 4ZB85A",3.9
HomeStore-YEP Printer Cover for HP Deskjet 2776 All in One Wireless Ink Advantage Printer with Zipper for Dust Protection (Green),5.0
Kangaro Desk Essentials HP-10 All Metal Plier Stapler | Sturdy & Durable for Long Time Use| Sturdy & Durable for Long Time Use | 20000 pcs of No. 10 Stainless Steel Staple Pin | Pack of 21,3.0
HomeStore-YEP Printer Cover for HP 415 All-in-One Ink Tank Wireless Color Printer with Zipper for Dust Protection,3.6
"HP Smart Tank 500 All-in-One Printer, Print, Copy, Scan, Hi-Speed USB 2.0, Up to 11/5 ppm (Black/Color), 100-sheet Input Tray, 30-Sheet Output Tray, 1000-page Duty Cycle, Color, 4SR29A",4.0
