Title,Rating
Dorado Dust Proof Water Proof Washable Printer Cover For HP 410 All in One Ink Tank Wireless Color Printer (Blue - HP 410),4.1
"HP Smart Tank 720 All-in-One Auto Duplex WiFi Colour Printer. (Upto 12000 Black, 8000 Colour Pages Included in The Box). - Print, Scan & Cope for Office",4.1
Crasome Dust & Water Proof Printer Cover for HP Smart Tank All-in-One 529 / 589 (Grey),4.2
Alifiya Nylon Printer Cover For HP Smart Tank 589 / 529 All-in-one - Blue,4.1
"HP Smart Tank 520 All-in-one Colour Printer with 1 Extra Black Ink Bottle (Upto 12000 Black and 6000 Colour Prints) and 1 Year Extended Warranty with PHA Coverage.Print, Scan & Copy for Office/Home",3.9
Cranique Dust Proof Printer Cover for HP Smart Tank All-in-One 529 / 589 (Black),4.4
Crasome Dust & Water Proof Printer Cover for HP Smart Tank All-in-One 750 / 790 (Grey),4.7
"HP All-in-One PC 13th Gen Intel Core i5 27"" (68.6cm) FHD 16GB RAM, 1TB SSD, Intel UMA Graphics, 710 White Wireless Keyboard and Mouse Combo (Windows 11 Home, MSO 21, Shell White, 6.72 Kg) 27-cr0407in",4.1
"HP All-in-One PC Intel Pentium J5040 21.5-inch(54.6 cm) FHD Three-Sided Micro-Edge Display(8GB RAM/512GB SSD/Intel UHD Graphics/Win 11 Home/Wired Keyboard and Mouse Combo/MS Office)22-dd2686in, White",4.2
Dorado Dust Proof Water Proof Washable Printer Cover For HP DeskJet All-in-One Ink Advantage 2778 (Blue),4.3
"HP All-in-One PC 12th Gen Intel Core i3-1215U 21.5 inch(54.6cm) FHD 8GB RAM, 512GB SSD, Intel UHD Graphics, 510 Black Wireless Keyboard and Mouse Combo (Win 11, MSO, Jet Black, 5.7 Kg) 22-dd2115in",4.0
"(Refurbished)HP EliteDesk 19"" HD All-in-One Desktop Computer Set (AMD A10 Processor| 8 GB RAM| 256 GB SSD| 19"" HD LED Monitor| Wireless KB & Mouse| Speakers| WiFi| Windows 10 Pro| MS Office)",4.0
"HP Deskjet 2331 Colour Printer, Scanner and Copier for Home/Small Office, Compact Size, Reliable, Easy Set-Up Through HP Smart App On Your Pc Connected Through USB, Ideal for Home.",3.4
Alifiya Dust Proof Washable Printer Cover for HP DeskJet 2331 / 2131 / 2135 / 2545 All-in-One Inkjet Colour Printer - Black,4.1
Crasome Dust & Water Proof Printer Cover for HP Smart Tank All-in-One 670 / 675 (Black),5.0
Dorado Dust Proof Water Proof Washable Printer Cover For All in One Ink Tank Wireless Color Printer HP 415 (Blue),4.0
Alifiya Nylon Printer Cover for HP 319 / 316 / 310 All-in-One Ink Tank Colour Printer - Blue,4.0
Dorado Dust Proof Water Proof Washable Printer Cover For HP DeskJet All-in-One 2723 (Blue),3.7
"HP Laptop 15s, 12th Gen Intel Core i5-1235U, 15.6-inch (39.6 cm), FHD, 16GB DDR4, 512GB SSD, Intel Iris Xe graphics, Backlit KB,MSO,Thin & Light, Dual speakers (Win 11, Silver, 1.69 kg), fq5330TU",4.0
"HP Smart Tank 675 All-in-One Auto Duplex WiFi Integrated Ink Tank Colour Printer, Scanner, Copier- High Capacity Tank (12000 Black, 8000 Colour) with Automatic Ink Sensor",3.6
"HP Ink Advantage 2876 Printer, Copy, Scan, WiFi, Bluetooth, USB, Simple Setup Smart App, Ideal for Home.",3.9
"HP Ink Tank 516 Color Printer, Scanner, & Copier with High Capacity Tank for Home, B&W Prints at 10 Paise/Page*, Color Prints at 20 Paise/Page*, Compact, Easy Printing",3.9
INF Dust Proof Water Proof Washable Printer Cover for HP DeskJet Plus WiFi Ink Advantage All-in-One 6075 (Blue),4.3
"HP Smart Tank 529 AIO Colour Printer (Upto 6000 Black & 6000 Colour Pages Included in The Box)- Print, Scan & Copy for Office/Home",3.9
Cranique Dust Proof Printer Cover for HP Deskjet All-in-One 4826 (Black),4.0
Crasome Dust Proof Water-resistant Printer Cover for HP Deskjet All-in-One 4826 (Black),
GPS Refill Toner Powder Super for All Universal Hp Cartridge Model - Pack of 1kg,3.9
Alifiya Dust Proof Printer Cover For Hp Smart Tank 585 / 525 / 520 All-In-One - Black - Nylon,4.3
HomeStore-YEP Printer Cover for HP DeskJet 4178 / 4278 / 4123 All in One Printer with Zipper for Dust Protection Blue Color,
"HP All-in-One PC AMD Ryzen 3 3250U 21.5 inch(54.6cm) FHD 8GB RAM, 512GB SSD, AMD Radeon Graphics, White Wired Keyboard Mouse Combo (Windows 11, MSO, Snow White, 5.7 Kg) 22-dd0304in",4.0
"HP 15s 12th Gen Intel Core i5, 15/6inch (39.6 cm), 8GB RAM, 512GB SSD, Intel Iris Xe Graphics, Backlit Kb, (Win 11 Home, Natural Silver, 1.69kg), fq5202TU / fq5329TU",4.0
"HP Ink Tank 315 Printer, All-in-One, Print, Copy, Scan, Hi-Speed USB 2.0, Up to 8/5 ppm (Black/Color), 60-Sheet Input Tray, 25-Sheet Output Tray, 1000-page Duty Cycle, Color, Z4B04A",3.9
