Product,Rating
,
A Book For Reading #Days at Moorizake Bookzhops,
Days at the Morisaki Bookshop : A charming and uplifting Japanese translated story on the healing power of books,
"More Days at the Morisaki Bookshop: The cosy sequel to DAYS AT THE MORISAKI BOOKSHOP, the perfect gift for book lovers",
Days at the Morisaki Bookshop : A charming and uplifting Japanese translated story on the healing power of books & Rock Paper Scissors,
Days at the Morisaki Bookshop : A charming and uplifting Japanese translated story on the healing power of books & CLEOPATRA AND FRANKENSTEIN & ALMOND,
Days at the Morisaki Bookshop : A charming and uplifting Japanese translated story on the healing power of books & ALMOND,
Mis días en la librería Morisaki/ Days At the Morisaki Book Shop,
Una velada en la librería Morisaki / Days at the Morisaki Book Shop,
Quarterlife : A Novel & Days at the Morisaki Bookshop : A charming and uplifting Japanese translated story on the healing power of books,
Midnight at the Christmas Bookshop: A Novel,
"Remainders of the Day: More Diaries from The Bookshop, Wigtown",
Before the Coffee Gets Cold,
THE LITTLE PARIS BOOKSHOP,
Dave Pigeon Bookshop Mayhem!: World Book Day 2023,
The Enclave: A Sharp and Hilarious Portrait of Womanhood in India,
The Stationery Shop of Tehran,
,5.0
The Enclave: A Sharp and Hilarious Portrait of Womanhood in India,5.0
Dave Pigeon Bookshop Mayhem!: World Book Day 2023,5.0
Book Lovers,5.0
A Thousand Splendid Suns,5.0
"Travelling Cat Chronicles, The: The life-affirming one million copy bestseller",5.0
HOUSE WITHOUT WINDOWS,5.0
Before We Say Goodbye,5.0
"Kim Jiyoung, Born 1982",5.0
Looking for Alaska,5.0
True Love at the Lonely Hearts Bookshop,5.0
Almond : A Novel,5.0
Don't Believe Everything You Think (English),5.0
The Diary of A Young Girl,5.0
All The Lovers In The Night,5.0
The Match ǀ A feel good Romantic Comedy by a New York Times Bestselling author ǀ TikTok made me buy it!,5.0
The Temporary Roomie: A bestselling Romantic Comedy ǀ A hilarious romance of enemies turned lovers as seen on TikTok,5.0
,4.2
Inheritance,4.2
The Alice Project,4.2
Little Women by Louisa May Alcott (Deluxe Hardbound Edition) – Literary Masterpiece| Coming-of-age Novel| Timeless Classic,4.2
Animal Farm by George Orwell – A Riveting Tale of Revolution and Betrayal | Satire on Dictatorship | Literary Masterpiece | Themes of Freedom and Equality | A Must-read for Literature Lovers,4.2
Four Seasons in Japan,4.2
"How to Kill Men and Get Away With It: A deliciously dark, hilariously twisted debut psychological thriller, about friendship, love and murder",4.2
The Rozabal Line: Bharat Series 1,4.2
All the Love You Deserve,4.2
"The Library of Heartbeats: A sweeping, emotional novel set in Japan from the author of The Phone Box at the Edge of the World",4.2
"The Book of Rumi: 105 Stories and Fables that Illumine, Delight, and Inform",4.2
DallerGut Dream Department Store: the joyfully magical Korean bestseller,4.2
The Unforgettable Woman | Indian Writing | Contemporary Fiction | Romance Novel | Pankaj Giri,4.2
Eleanor Oliphant is Completely Fine: Debut Sunday Times Bestseller and Costa First Novel Book Award winner,4.2
The Woman Who Climbed Trees : A Novel,4.2
The Lost and Found Bookshop: A Novel,4.2
The Alchemist,4.2
Yeonnam-Dong's Smiley Laundromat: The Heartwarming Korean Bestseller,4.2
Harper Collins India Ghachar Ghochar,4.2
The Fast and the Dead,4.2
